item_id,timestamp,target_value
1,2023-06-07,0.015918455
2,2023-06-06,0.01462577
3,2023-06-05,0.013676378
4,2023-06-04,0.016056282
5,2023-06-03,0.01630244
6,2023-06-02,0.014470319
7,2023-06-01,0.014250029
8,2023-05-31,0.015014386
9,2023-05-30,0.016440683
10,2023-05-29,0.014826982
11,2023-05-28,0.014062663
12,2023-05-27,0.016197256
13,2023-05-26,0.014657456
14,2023-05-25,0.015433189
15,2023-05-24,0.015207598
16,2023-05-23,0.014939174
17,2023-05-22,0.014707715
18,2023-05-21,0.016073062
19,2023-05-20,0.015930366
20,2023-05-19,0.013239306
21,2023-05-18,0.016667371
22,2023-05-17,0.01459721
23,2023-05-16,0.014523812
24,2023-05-15,0.015012496
25,2023-05-14,0.014027497
26,2023-05-13,0.01631788
27,2023-05-12,0.015392641
28,2023-05-11,0.014888207
29,2023-05-10,0.014836827
30,2023-05-09,0.016080955
31,2023-05-08,0.015033881
32,2023-05-07,0.016024258
33,2023-05-06,0.01364691
34,2023-05-05,0.014968528
35,2023-05-04,0.015882194
36,2023-05-03,0.014862305
37,2023-05-02,0.014116404
38,2023-05-01,0.015877894
39,2023-04-30,0.01558171
40,2023-04-29,0.015713567
41,2023-04-28,0.014042529
42,2023-04-27,0.016380374
43,2023-04-26,0.014842659
44,2023-04-25,0.014564632
45,2023-04-24,0.015243939
46,2023-04-23,0.015616974
47,2023-04-22,0.014751253
48,2023-04-21,0.01557304
49,2023-04-20,0.015933837
50,2023-04-19,0.015109646
51,2023-04-18,0.014684276
52,2023-04-17,0.014716848
53,2023-04-16,0.014903721
54,2023-04-15,0.014490999
55,2023-04-14,0.016015821
56,2023-04-13,0.015034627
57,2023-04-12,0.014112732
58,2023-04-11,0.012670263
59,2023-04-10,0.017169348
60,2023-04-09,0.017011348
61,2023-04-08,0.014776883
62,2023-04-07,0.014741167
63,2023-04-06,0.016401501
64,2023-04-05,0.014272484
65,2023-04-04,0.014657164
66,2023-04-03,0.013649822
67,2023-04-02,0.014594336
68,2023-04-01,0.018186768
69,2023-03-31,0.014740461
70,2023-03-30,0.01487988
71,2023-03-29,0.015469866
72,2023-03-28,0.014757149
73,2023-03-27,0.016054313
74,2023-03-26,0.014980794
75,2023-03-25,0.012935437
76,2023-03-24,0.013125144
77,2023-03-23,0.017603662
78,2023-03-22,0.015978908
79,2023-03-21,0.015951929
80,2023-03-20,0.014515203
81,2023-03-19,0.013699159
82,2023-03-18,0.015185813
83,2023-03-17,0.016952993
84,2023-03-16,0.014864443
85,2023-03-15,0.014423757
86,2023-03-14,0.015715409
87,2023-03-13,0.013126854
88,2023-03-12,0.017746269
89,2023-03-11,0.015178101
90,2023-03-10,0.014876294
91,2023-03-09,0.014895362
92,2023-03-08,0.014624683
93,2023-03-07,0.015524064
94,2023-03-06,0.0157555
95,2023-03-05,0.014643971
96,2023-03-04,0.013767216
97,2023-03-03,0.015811194
98,2023-03-02,0.015194677
99,2023-03-01,0.015050485
100,2023-02-28,0.016370117
101,2023-02-27,0.014841971
102,2023-02-26,0.014830345
103,2023-02-25,0.01430059
104,2023-02-24,0.016813237
105,2023-02-23,0.015260898
106,2023-02-22,0.014189263
107,2023-02-21,0.01442877
108,2023-02-20,0.015178915
109,2023-02-19,0.015656788
110,2023-02-18,0.014226509
111,2023-02-17,0.014946974
112,2023-02-16,0.015817149
113,2023-02-15,0.0157138
114,2023-02-14,0.015341602
115,2023-02-13,0.0152216
116,2023-02-12,0.014186011
117,2023-02-11,0.015377236
118,2023-02-10,0.014604086
119,2023-02-09,0.013019707
120,2023-02-08,0.016266383
121,2023-02-07,0.01450092
122,2023-02-06,0.015545763
123,2023-02-05,0.015861129
124,2023-02-04,0.013781142
125,2023-02-03,0.014211297
126,2023-02-02,0.016406958
127,2023-02-01,0.014934775
128,2023-01-31,0.015096734
129,2023-01-30,0.015432767
130,2023-01-29,0.015132263
131,2023-01-28,0.01495058
132,2023-01-27,0.015283903
133,2023-01-26,0.015199396
134,2023-01-25,0.015178398
135,2023-01-24,0.014741599
136,2023-01-23,0.014383452
137,2023-01-22,0.013699704
138,2023-01-21,0.014971877
139,2023-01-20,0.016234361
140,2023-01-19,0.015882385
141,2023-01-18,0.014984652
142,2023-01-17,0.015321275
143,2023-01-16,0.014494494
144,2023-01-15,0.013959406
145,2023-01-14,0.013813396
146,2023-01-13,0.014850291
147,2023-01-12,0.015279189
148,2023-01-11,0.013788583
149,2023-01-10,0.015743817
150,2023-01-09,0.015070654
151,2023-01-08,0.01361254
152,2023-01-07,0.014104979
153,2023-01-06,0.013734498
154,2023-01-05,0.017686839
155,2023-01-04,0.014437599
156,2023-01-03,0.016081373
157,2023-01-02,0.01624003
158,2023-01-01,0.014837023
159,2022-12-31,0.014419376
160,2022-12-30,0.013288633
161,2022-12-29,0.014724602
162,2022-12-28,0.013277392
163,2022-12-27,0.016993135
164,2022-12-26,0.017649588
165,2022-12-25,0.014507762
166,2022-12-24,0.014556058
167,2022-12-23,0.012974298
168,2022-12-22,0.015903966
169,2022-12-21,0.013933814
170,2022-12-20,0.013495235
171,2022-12-19,0.013800618
172,2022-12-18,0.014944028
173,2022-12-17,0.018533693
174,2022-12-16,0.017835189
175,2022-12-15,0.014028893
176,2022-12-14,0.016040373
177,2022-12-13,0.014829444
178,2022-12-12,0.014908493
179,2022-12-11,0.014783921
180,2022-12-10,0.012875795
181,2022-12-09,0.015326936
182,2022-12-08,0.014307657
183,2022-12-07,0.015701355
184,2022-12-06,0.01465924
185,2022-12-05,0.016871185
186,2022-12-04,0.01535418
187,2022-12-03,0.014904192
188,2022-12-02,0.015175276
189,2022-12-01,0.014267065
190,2022-11-30,0.016196031
191,2022-11-29,0.015106544
192,2022-11-28,0.014241877
193,2022-11-27,0.014618748
194,2022-11-26,0.016633231
195,2022-11-25,0.015662482
196,2022-11-24,0.013849046
197,2022-11-23,0.014424788
198,2022-11-22,0.013902989
199,2022-11-21,0.015952627
200,2022-11-20,0.015552458
201,2022-11-19,0.014735678
202,2022-11-18,0.014212995
203,2022-11-17,0.014339189
204,2022-11-16,0.015406086
205,2022-11-15,0.012778571
206,2022-11-14,0.016155862
207,2022-11-13,0.014748355
208,2022-11-12,0.012956745
209,2022-11-11,0.013637022
210,2022-11-10,0.016649818
211,2022-11-09,0.012371073
212,2022-11-08,0.011123607
213,2022-11-07,0.009549952
214,2022-11-06,0.016669295
215,2022-11-05,0.012661111
216,2022-11-04,0.016492806
217,2022-11-03,0.019257842
218,2022-11-02,0.014727921
219,2022-11-01,0.017415255
220,2022-10-31,0.017064136
221,2022-10-30,0.020281205
222,2022-10-29,0.02059909
223,2022-10-28,0.015928115
224,2022-10-27,0.016241072
225,2022-10-26,0.013670182
226,2022-10-25,0.01507259
227,2022-10-24,0.017227978
228,2022-10-23,0.014809061
229,2022-10-22,0.014671056
230,2022-10-21,0.014829759
231,2022-10-20,0.017456126
232,2022-10-19,0.014398579
233,2022-10-18,0.014909177
234,2022-10-17,0.014968635
235,2022-10-16,0.015024374
236,2022-10-15,0.014450241
237,2022-10-14,0.014946658
238,2022-10-13,0.013980473
239,2022-10-12,0.014188519
240,2022-10-11,0.013978254
241,2022-10-10,0.014756053
242,2022-10-09,0.016477501
243,2022-10-08,0.014090207
244,2022-10-07,0.014037561
245,2022-10-06,0.014420689
246,2022-10-05,0.01740229
247,2022-10-04,0.014808765
248,2022-10-03,0.014157637
249,2022-10-02,0.015162985
250,2022-10-01,0.01357446
251,2022-09-30,0.017009761
252,2022-09-29,0.014052102
253,2022-09-28,0.01464217
254,2022-09-27,0.011122615
255,2022-09-26,0.014114991
256,2022-09-25,0.015129802
257,2022-09-24,0.015149579
258,2022-09-23,0.014318021
259,2022-09-22,0.017180002
260,2022-09-21,0.016593627
261,2022-09-20,0.017357722
262,2022-09-19,0.016534439
263,2022-09-18,0.014645881
264,2022-09-17,0.014202912
265,2022-09-16,0.015692843
266,2022-09-15,0.01572863
267,2022-09-14,0.014176763
268,2022-09-13,0.013909381
269,2022-09-12,0.014352326
270,2022-09-11,0.015024151
271,2022-09-10,0.014676309
272,2022-09-09,0.014851663
273,2022-09-08,0.016018592
274,2022-09-07,0.014361178
275,2022-09-06,0.019096626
276,2022-09-05,0.01503802
277,2022-09-04,0.015826601
278,2022-09-03,0.015514567
279,2022-09-02,0.014594071
280,2022-09-01,0.014772323
281,2022-08-31,0.014215803
282,2022-08-30,0.014571716
283,2022-08-29,0.015175565
284,2022-08-28,0.01683673
285,2022-08-27,0.014435748
286,2022-08-26,0.014991241
287,2022-08-25,0.015331638
288,2022-08-24,0.014065018
289,2022-08-23,0.014907864
290,2022-08-22,0.015809054
291,2022-08-21,0.013802873
292,2022-08-20,0.014267931
293,2022-08-19,0.016458898
294,2022-08-18,0.016979328
295,2022-08-17,0.014676056
296,2022-08-16,0.014465621
297,2022-08-15,0.015279103
298,2022-08-14,0.014454061
299,2022-08-13,0.015083223
300,2022-08-12,0.014540234
301,2022-08-11,0.014520771
302,2022-08-10,0.015932977
303,2022-08-09,0.01403537
304,2022-08-08,0.015930815
305,2022-08-07,0.015843336
306,2022-08-06,0.015396255
307,2022-08-05,0.017036575
308,2022-08-04,0.015021887
309,2022-08-03,0.01444092
310,2022-08-02,0.014680606
311,2022-08-01,0.014541867
312,2022-07-31,0.015864379
313,2022-07-30,0.01282208
314,2022-07-29,0.015069485
315,2022-07-28,0.014964128
316,2022-07-27,0.014751151
317,2022-07-26,0.015336614
318,2022-07-25,0.013918859
319,2022-07-24,0.016683989
320,2022-07-23,0.012999943
321,2022-07-22,0.013756967
322,2022-07-21,0.016139042
323,2022-07-20,0.014539136
324,2022-07-19,0.016738974
325,2022-07-18,0.015959468
326,2022-07-17,0.015432616
327,2022-07-16,0.014608516
328,2022-07-15,0.013603952
329,2022-07-14,0.014649097
330,2022-07-13,0.017451158
331,2022-07-12,0.015884601
332,2022-07-11,0.015693736
333,2022-07-10,0.012776073
334,2022-07-09,0.016138895
335,2022-07-08,0.014715064
336,2022-07-07,0.01468022
337,2022-07-06,0.015297357
338,2022-07-05,0.015393735
339,2022-07-04,0.014996428
340,2022-07-03,0.014505808
341,2022-07-02,0.014700175
342,2022-07-01,0.016319412
343,2022-06-30,0.015482872
344,2022-06-29,0.014984812
345,2022-06-28,0.014389732
346,2022-06-27,0.015780482
347,2022-06-26,0.015672198
348,2022-06-25,0.013064944
349,2022-06-24,0.017360119
350,2022-06-23,0.013571241
351,2022-06-22,0.015627907
352,2022-06-21,0.015408303
353,2022-06-20,0.015414571
354,2022-06-19,0.015193528
355,2022-06-18,0.013277364
356,2022-06-17,0.013471142
357,2022-06-16,0.011977322
358,2022-06-15,0.013948308
359,2022-06-14,0.014766485
360,2022-06-13,0.013090263
361,2022-06-12,0.014271808
362,2022-06-11,0.017707151
363,2022-06-10,0.021288033
364,2022-06-09,0.016354841
365,2022-06-08,0.016268244
366,2022-06-07,0.013167917
367,2022-06-06,0.015435681
368,2022-06-05,0.013760525
369,2022-06-04,0.014884153
370,2022-06-03,0.017452063
371,2022-06-02,0.016041641
372,2022-06-01,0.015276148
373,2022-05-31,0.013381968
374,2022-05-30,0.014315864
375,2022-05-29,0.014733524
376,2022-05-28,0.012915637
377,2022-05-27,0.014462397
378,2022-05-26,0.016645595
379,2022-05-25,0.015201014
380,2022-05-24,0.01794045
381,2022-05-23,0.014494126
382,2022-05-22,0.014747671
383,2022-05-21,0.015421823
384,2022-05-20,0.01525503
385,2022-05-19,0.015337348
386,2022-05-18,0.015567007
387,2022-05-17,0.016046366
388,2022-05-16,0.015478742
389,2022-05-15,0.014723039
390,2022-05-14,0.015424903
391,2022-05-13,0.013190072
392,2022-05-12,0.015907695
393,2022-05-11,0.016646256
394,2022-05-10,0.014323135
395,2022-05-09,0.015690275
396,2022-05-08,0.01386297
397,2022-05-07,0.016343919
398,2022-05-06,0.015439664
399,2022-05-05,0.014081745
400,2022-05-04,0.014774306
401,2022-05-03,0.013157389
402,2022-05-02,0.018259932
403,2022-05-01,0.015125661
404,2022-04-30,0.015055466
405,2022-04-29,0.015061608
406,2022-04-28,0.014609316
407,2022-04-27,0.014245911
408,2022-04-26,0.01532402
409,2022-04-25,0.013388012
410,2022-04-24,0.01341176
411,2022-04-23,0.015230268
412,2022-04-22,0.015722745
413,2022-04-21,0.015534614
414,2022-04-20,0.015189264
415,2022-04-19,0.017627548
416,2022-04-18,0.016630614
417,2022-04-17,0.017276259
418,2022-04-16,0.014487111
419,2022-04-15,0.014762382
420,2022-04-14,0.01399637
421,2022-04-13,0.014321008
422,2022-04-12,0.015083605
423,2022-04-11,0.013314071
424,2022-04-10,0.016764244
425,2022-04-09,0.015262833
426,2022-04-08,0.016710376
427,2022-04-07,0.016901714
428,2022-04-06,0.013143206
429,2022-04-05,0.01496023
430,2022-04-04,0.017817432
431,2022-04-03,0.013675449
432,2022-04-02,0.015540199
433,2022-04-01,0.015405483
434,2022-03-31,0.014706639
435,2022-03-30,0.015770896
436,2022-03-29,0.013784508
437,2022-03-28,0.01603658
438,2022-03-27,0.015355848
439,2022-03-26,0.014687924
440,2022-03-25,0.015482072
441,2022-03-24,0.014878869
442,2022-03-23,0.01464154
443,2022-03-22,0.015151738
444,2022-03-21,0.015001805
445,2022-03-20,0.016297776
446,2022-03-19,0.013840896
447,2022-03-18,0.016332698
448,2022-03-17,0.013373183
449,2022-03-16,0.015414802
450,2022-03-15,0.016684733
451,2022-03-14,0.01362612
452,2022-03-13,0.015061912
453,2022-03-12,0.016440158
454,2022-03-11,0.014489086
455,2022-03-10,0.015577649
456,2022-03-09,0.014272824
457,2022-03-08,0.014696118
458,2022-03-07,0.015892151
459,2022-03-06,0.013377738
460,2022-03-05,0.013151488
461,2022-03-04,0.016597421
462,2022-03-03,0.015506572
463,2022-03-02,0.017524337
464,2022-03-01,0.014072501
465,2022-02-28,0.015315577
466,2022-02-27,0.014595128
467,2022-02-26,0.015312233
468,2022-02-25,0.015982697
469,2022-02-24,0.014365888
470,2022-02-23,0.016473984
471,2022-02-22,0.014621598
472,2022-02-21,0.015308962
473,2022-02-20,0.015042325
474,2022-02-19,0.014913794
475,2022-02-18,0.015622794
476,2022-02-17,0.01454694
477,2022-02-16,0.015887994
478,2022-02-15,0.014975261
479,2022-02-14,0.014350114
480,2022-02-13,0.014638184
481,2022-02-12,0.014859309
482,2022-02-11,0.016843941
483,2022-02-10,0.015186169
484,2022-02-09,0.014047633
485,2022-02-08,0.015468598
486,2022-02-07,0.01411019
487,2022-02-06,0.015445346
488,2022-02-05,0.015775459
489,2022-02-04,0.015778471
490,2022-02-03,0.01390498
491,2022-02-02,0.015703026
492,2022-02-01,0.015159588
493,2022-01-31,0.014371232
494,2022-01-30,0.01608216
495,2022-01-29,0.014330413
496,2022-01-28,0.014798574
497,2022-01-27,0.016178955
498,2022-01-26,0.015306882
499,2022-01-25,0.015206745
500,2022-01-24,0.014745152
501,2022-01-23,0.014387092
502,2022-01-22,0.014226636
503,2022-01-21,0.015705661
504,2022-01-20,0.016160657
505,2022-01-19,0.014484735
506,2022-01-18,0.015331588
507,2022-01-17,0.013656821
508,2022-01-16,0.014791427
509,2022-01-15,0.014712651
510,2022-01-14,0.015038874
511,2022-01-13,0.01621126
512,2022-01-12,0.013571087
513,2022-01-11,0.017354308
514,2022-01-10,0.014897671
515,2022-01-09,0.016115447
516,2022-01-08,0.014636826
517,2022-01-07,0.015124286
518,2022-01-06,0.013710555
519,2022-01-05,0.015302111
520,2022-01-04,0.014382617
521,2022-01-03,0.016003218
522,2022-01-02,0.014752121
523,2022-01-01,0.01382832
524,2021-12-31,0.014925399
525,2021-12-30,0.016013619
526,2021-12-29,0.015574946
527,2021-12-28,0.016172845
528,2021-12-27,0.015288872
529,2021-12-26,0.014717294
530,2021-12-25,0.014482871
531,2021-12-24,0.014640339
532,2021-12-23,0.012696853
533,2021-12-22,0.014557565
534,2021-12-21,0.017097673
535,2021-12-20,0.01626779
536,2021-12-19,0.015087001
537,2021-12-18,0.015057347
538,2021-12-17,0.014294132
539,2021-12-16,0.014976576
540,2021-12-15,0.015705542
541,2021-12-14,0.014747658
542,2021-12-13,0.014727631
543,2021-12-12,0.01650917
544,2021-12-11,0.016419689
545,2021-12-10,0.014481657
546,2021-12-09,0.013983621
547,2021-12-08,0.016671065
548,2021-12-07,0.015340011
549,2021-12-06,0.014412272
550,2021-12-05,0.015824259
551,2021-12-04,0.014796772
552,2021-12-03,0.014282982
553,2021-12-02,0.016479602
554,2021-12-01,0.013401218
555,2021-11-30,0.016643703
556,2021-11-29,0.014945425
557,2021-11-28,0.015317969
558,2021-11-27,0.014872822
559,2021-11-26,0.013974307
560,2021-11-25,0.015834794
561,2021-11-24,0.016212459
562,2021-11-23,0.014063633
563,2021-11-22,0.015275694
564,2021-11-21,0.014680684
565,2021-11-20,0.015293194
566,2021-11-19,0.014672735
567,2021-11-18,0.016778462
568,2021-11-17,0.015600446
569,2021-11-16,0.013838264
570,2021-11-15,0.015682573
571,2021-11-14,0.014131959
572,2021-11-13,0.015988856
573,2021-11-12,0.014682691
574,2021-11-11,0.015194775
575,2021-11-10,0.015714595
576,2021-11-09,0.014637037
577,2021-11-08,0.014819341
578,2021-11-07,0.014680461
579,2021-11-06,0.016700393
580,2021-11-05,0.014030197
581,2021-11-04,0.015740181
582,2021-11-03,0.015479695
583,2021-11-02,0.014992856
584,2021-11-01,0.014488452
585,2021-10-31,0.015430642
586,2021-10-30,0.015386909
587,2021-10-29,0.01463449
588,2021-10-28,0.015615501
589,2021-10-27,0.014600485
590,2021-10-26,0.015966749
591,2021-10-25,0.015153464
592,2021-10-24,0.013876146
593,2021-10-23,0.015211375
594,2021-10-22,0.014848032
595,2021-10-21,0.01415692
596,2021-10-20,0.014479848
597,2021-10-19,0.015742331
598,2021-10-18,0.014265361
599,2021-10-17,0.01570169
600,2021-10-16,0.014742136
601,2021-10-15,0.016385722
602,2021-10-14,0.014242997
603,2021-10-13,0.017239072
604,2021-10-12,0.014166047
605,2021-10-11,0.015185361
606,2021-10-10,0.014833617
607,2021-10-09,0.015106013
608,2021-10-08,0.014713229
609,2021-10-07,0.014785747
610,2021-10-06,0.014785315
611,2021-10-05,0.014989545
612,2021-10-04,0.015348305
613,2021-10-03,0.016499707
614,2021-10-02,0.014934702
615,2021-10-01,0.014325125
616,2021-09-30,0.017090849
617,2021-09-29,0.014528767
618,2021-09-28,0.013905794
619,2021-09-27,0.013923599
620,2021-09-26,0.015295197
621,2021-09-25,0.013641436
622,2021-09-24,0.012529778
623,2021-09-23,0.013958608
624,2021-09-22,0.014799179
625,2021-09-21,0.016710087
626,2021-09-20,0.017287862
627,2021-09-19,0.014317418
628,2021-09-18,0.012199646
629,2021-09-17,0.020127523
630,2021-09-16,0.015110051
631,2021-09-15,0.016320448
632,2021-09-14,0.015558245
633,2021-09-13,0.014250068
634,2021-09-12,0.016187267
635,2021-09-11,0.01477668
636,2021-09-10,0.015809835
637,2021-09-09,0.014741792
638,2021-09-08,0.015735765
639,2021-09-07,0.015101746
640,2021-09-06,0.014033104
641,2021-09-05,0.015898299
642,2021-09-04,0.015422457
643,2021-09-03,0.014610733
644,2021-09-02,0.014789005
645,2021-09-01,0.016225379
646,2021-08-31,0.014852377
647,2021-08-30,0.014340888
648,2021-08-29,0.014839808
649,2021-08-28,0.01643347
650,2021-08-27,0.015923799
651,2021-08-26,0.015074182
652,2021-08-25,0.015439833
653,2021-08-24,0.015212181
654,2021-08-23,0.015134147
655,2021-08-22,0.015098107
656,2021-08-21,0.013423306
657,2021-08-20,0.01560047
658,2021-08-19,0.014702368
659,2021-08-18,0.016339027
660,2021-08-17,0.013512331
661,2021-08-16,0.015942055
662,2021-08-15,0.016169598
663,2021-08-14,0.015479319
664,2021-08-13,0.014686289
665,2021-08-12,0.01507701
666,2021-08-11,0.014818652
667,2021-08-10,0.015548612
668,2021-08-09,0.013763256
669,2021-08-08,0.015065484
670,2021-08-07,0.014478173
671,2021-08-06,0.01497426
672,2021-08-05,0.012653207
673,2021-08-04,0.014382307
674,2021-08-03,0.020134831
675,2021-08-02,0.014713931
676,2021-08-01,0.01545905
677,2021-07-31,0.013156114
678,2021-07-30,0.01589398
679,2021-07-29,0.015187127
680,2021-07-28,0.015180117
681,2021-07-27,0.014291146
682,2021-07-26,0.014643935
683,2021-07-25,0.014117919
684,2021-07-24,0.015112622
685,2021-07-23,0.015714656
686,2021-07-22,0.015507884
687,2021-07-21,0.014702411
688,2021-07-20,0.016026934
689,2021-07-19,0.017195015
690,2021-07-18,0.01419124
691,2021-07-17,0.014624708
692,2021-07-16,0.014855174
693,2021-07-15,0.015319585
694,2021-07-14,0.014351875
695,2021-07-13,0.013772023
696,2021-07-12,0.016042109
697,2021-07-11,0.014874902
698,2021-07-10,0.01481152
699,2021-07-09,0.014542885
700,2021-07-08,0.014643193
701,2021-07-07,0.015278076
702,2021-07-06,0.015034239
703,2021-07-05,0.01527139
704,2021-07-04,0.015407911
705,2021-07-03,0.017036771
706,2021-07-02,0.014337349
707,2021-07-01,0.014827733
708,2021-06-30,0.015011505
709,2021-06-29,0.015557775
710,2021-06-28,0.014452118
711,2021-06-27,0.014620282
712,2021-06-26,0.015367482
713,2021-06-25,0.015004054
714,2021-06-24,0.014931268
715,2021-06-23,0.014164481
716,2021-06-22,0.01462934
717,2021-06-21,0.016430931
718,2021-06-20,0.014987376
719,2021-06-19,0.014225039
720,2021-06-18,0.016341507
721,2021-06-17,0.013249405
722,2021-06-16,0.014914073
723,2021-06-15,0.017064582
724,2021-06-14,0.01572732
725,2021-06-13,0.015554092
726,2021-06-12,0.014318729
727,2021-06-11,0.015633117
728,2021-06-10,0.014222612
729,2021-06-09,0.014164477
730,2021-06-08,0.016631951
731,2021-06-07,0.015038692
732,2021-06-06,0.016489609
733,2021-06-05,0.014479769
734,2021-06-04,0.015130987
735,2021-06-03,0.015365938
736,2021-06-02,0.01545185
737,2021-06-01,0.014363398
738,2021-05-31,0.014782328
739,2021-05-30,0.014535565
740,2021-05-29,0.015708654
741,2021-05-28,0.015424452
742,2021-05-27,0.014468528
743,2021-05-26,0.014250311
744,2021-05-25,0.013819987
745,2021-05-24,0.017484252
746,2021-05-23,0.01542942
747,2021-05-22,0.014355287
748,2021-05-21,0.015499451
749,2021-05-20,0.015427645
750,2021-05-19,0.015392155
751,2021-05-18,0.014036112
752,2021-05-17,0.016056394
753,2021-05-16,0.015557938
754,2021-05-15,0.013985303
755,2021-05-14,0.01439523
756,2021-05-13,0.012754447
757,2021-05-12,0.017177494
758,2021-05-11,0.013945388
759,2021-05-10,0.016776048
760,2021-05-09,0.014949642
761,2021-05-08,0.01703289
762,2021-05-07,0.01462184
763,2021-05-06,0.015824276
764,2021-05-05,0.01413617
765,2021-05-04,0.015916611
766,2021-05-03,0.015092713
767,2021-05-02,0.015439689
768,2021-05-01,0.014784103
769,2021-04-30,0.014536561
770,2021-04-29,0.014961819
771,2021-04-28,0.013902855
772,2021-04-27,0.013360964
773,2021-04-26,0.015528529
774,2021-04-25,0.014093749
775,2021-04-24,0.015670798
776,2021-04-23,0.015678085
777,2021-04-22,0.017891383
778,2021-04-21,0.013688269
779,2021-04-20,0.012521997
780,2021-04-19,0.013527056
781,2021-04-18,0.015161979
782,2021-04-17,0.019474815
783,2021-04-16,0.015463812
784,2021-04-15,0.015655436
785,2021-04-14,0.014807031
786,2021-04-13,0.014557143
787,2021-04-12,0.016544292
788,2021-04-11,0.014572721
789,2021-04-10,0.014718141
790,2021-04-09,0.015624473
791,2021-04-08,0.015618982
792,2021-04-07,0.015327693
793,2021-04-06,0.015013216
794,2021-04-05,0.013367588
795,2021-04-04,0.016569529
796,2021-04-03,0.015835142
797,2021-04-02,0.013751231
798,2021-04-01,0.015265625
799,2021-03-31,0.016119628
800,2021-03-30,0.013738438
801,2021-03-29,0.015836018
802,2021-03-28,0.014229698
803,2021-03-27,0.013903139
804,2021-03-26,0.016626808
805,2021-03-25,0.014649885
806,2021-03-24,0.01470748
807,2021-03-23,0.015350382
808,2021-03-22,0.01450662
809,2021-03-21,0.015642483
810,2021-03-20,0.015360598
811,2021-03-19,0.015522191
812,2021-03-18,0.014454363
813,2021-03-17,0.014065023
814,2021-03-16,0.015424152
815,2021-03-15,0.014448379
816,2021-03-14,0.015437201
817,2021-03-13,0.013797374
818,2021-03-12,0.017350547
819,2021-03-11,0.013539261
820,2021-03-10,0.015949736
821,2021-03-09,0.014579318
822,2021-03-08,0.015711448
823,2021-03-07,0.014572941
824,2021-03-06,0.01484701
825,2021-03-05,0.015199223
826,2021-03-04,0.015040261
827,2021-03-03,0.014642918
828,2021-03-02,0.01440511
829,2021-03-01,0.015602499
830,2021-02-28,0.014939587
831,2021-02-27,0.013311047
832,2021-02-26,0.015140847
833,2021-02-25,0.012757207
834,2021-02-24,0.014293631
835,2021-02-23,0.017352643
836,2021-02-22,0.017042126
837,2021-02-21,0.01464564
838,2021-02-20,0.017066491
839,2021-02-19,0.014268084
840,2021-02-18,0.015072635
841,2021-02-17,0.015872728
842,2021-02-16,0.014239705
843,2021-02-15,0.015884211
844,2021-02-14,0.013658535
845,2021-02-13,0.013937664
846,2021-02-12,0.014797434
847,2021-02-11,0.015088398
848,2021-02-10,0.01503567
849,2021-02-09,0.01357541
850,2021-02-08,0.014821589
851,2021-02-07,0.015172487
852,2021-02-06,0.016287952
853,2021-02-05,0.014552642
854,2021-02-04,0.012683343
855,2021-02-03,0.013583862
856,2021-02-02,0.019211912
857,2021-02-01,0.015737106
858,2021-01-31,0.015520847
859,2021-01-30,0.014877676
860,2021-01-29,0.015894182
861,2021-01-28,0.013660882
862,2021-01-27,0.01466647
863,2021-01-26,0.013923515
864,2021-01-25,0.015180468
865,2021-01-24,0.014382282
866,2021-01-23,0.018214077
867,2021-01-22,0.013357513
868,2021-01-21,0.013214063
869,2021-01-20,0.014278063
870,2021-01-19,0.016654718
871,2021-01-18,0.018034793
872,2021-01-17,0.014820506
873,2021-01-16,0.015592616
874,2021-01-15,0.013383223
875,2021-01-14,0.013264113
876,2021-01-13,0.0145055
877,2021-01-12,0.015140456
878,2021-01-11,0.014463746
879,2021-01-10,0.014878515
880,2021-01-09,0.017595333
881,2021-01-08,0.015413675
882,2021-01-07,0.013676019
883,2021-01-06,0.016771355
884,2021-01-05,0.015195452
885,2021-01-04,0.014858179
886,2021-01-03,0.014535231
887,2021-01-02,0.014605181
888,2021-01-01,0.013849186
889,2020-12-31,0.015651177
890,2020-12-30,0.013936245
891,2020-12-29,0.013347953
892,2020-12-28,0.016252754
893,2020-12-27,0.013614688
894,2020-12-26,0.013166073
895,2020-12-25,0.019453955
896,2020-12-24,0.015690147
897,2020-12-23,0.014477907
898,2020-12-22,0.013884502
899,2020-12-21,0.016568301
900,2020-12-20,0.015173711
901,2020-12-19,0.014283839
902,2020-12-18,0.016320344
903,2020-12-17,0.015978994
904,2020-12-16,0.014730191
905,2020-12-15,0.015384663
906,2020-12-14,0.014788067
907,2020-12-13,0.014228177
908,2020-12-12,0.013912226
909,2020-12-11,0.012903499
910,2020-12-10,0.017927912
911,2020-12-09,0.014493167
912,2020-12-08,0.014312106
913,2020-12-07,0.013501935
914,2020-12-06,0.015985679
915,2020-12-05,0.015706212
916,2020-12-04,0.01431564
917,2020-12-03,0.013495668
918,2020-12-02,0.014294147
919,2020-12-01,0.015750193
920,2020-11-30,0.015224116
921,2020-11-29,0.014408846
922,2020-11-28,0.013986582
923,2020-11-27,0.014892146
924,2020-11-26,0.01534823
925,2020-11-25,0.016843113
926,2020-11-24,0.019295407
927,2020-11-23,0.014579879
928,2020-11-22,0.015197072
929,2020-11-21,0.013262251
930,2020-11-20,0.015791068
931,2020-11-19,0.015932057
932,2020-11-18,0.013814697
933,2020-11-17,0.013745836
934,2020-11-16,0.015114276
935,2020-11-15,0.017671487
936,2020-11-14,0.014985671
937,2020-11-13,0.015292204
938,2020-11-12,0.014623882
939,2020-11-11,0.013631506
940,2020-11-10,0.015903803
941,2020-11-09,0.013849696
942,2020-11-08,0.013781288
943,2020-11-07,0.017904574
944,2020-11-06,0.015715729
945,2020-11-05,0.015630515
946,2020-11-04,0.014651993
947,2020-11-03,0.013733701
948,2020-11-02,0.013361844
949,2020-11-01,0.014560834
950,2020-10-31,0.014229384
951,2020-10-30,0.014118325
952,2020-10-29,0.013891198
953,2020-10-28,0.015414215
954,2020-10-27,0.019659793
955,2020-10-26,0.015181585
956,2020-10-25,0.013980772
957,2020-10-24,0.014125537
958,2020-10-23,0.016480461
959,2020-10-22,0.01505518
960,2020-10-21,0.015019744
961,2020-10-20,0.015606657
962,2020-10-19,0.014051206
963,2020-10-18,0.015728784
964,2020-10-17,0.014384466
965,2020-10-16,0.014125601
966,2020-10-15,0.015498237
967,2020-10-14,0.014079773
968,2020-10-13,0.015287663
969,2020-10-12,0.014309732
970,2020-10-11,0.015181282
971,2020-10-10,0.014790486
972,2020-10-09,0.014366239
973,2020-10-08,0.014765437
974,2020-10-07,0.014855394
975,2020-10-06,0.014880555
976,2020-10-05,0.014792794
977,2020-10-04,0.014181994
978,2020-10-03,0.013894273
979,2020-10-02,0.013960356
980,2020-10-01,0.015023212
981,2020-09-30,0.015222766
982,2020-09-29,0.016352666
983,2020-09-28,0.015434952
984,2020-09-27,0.016118172
985,2020-09-26,0.014767278
986,2020-09-25,0.014125255
987,2020-09-24,0.016045219
988,2020-09-23,0.013161751
989,2020-09-22,0.014910236
990,2020-09-21,0.016751261
991,2020-09-20,0.014690024
992,2020-09-19,0.014101227
993,2020-09-18,0.014368903
994,2020-09-17,0.014348796
995,2020-09-16,0.014922719
996,2020-09-15,0.013551754
997,2020-09-14,0.013554906
998,2020-09-13,0.013352096
999,2020-09-12,0.016945087
1000,2020-09-11,0.013701401
1001,2020-09-10,0.014616149
1002,2020-09-09,0.014751559
1003,2020-09-08,0.015277382
1004,2020-09-07,0.013922513
1005,2020-09-06,0.015290966
1006,2020-09-05,0.015297284
1007,2020-09-04,0.015377271
1008,2020-09-03,0.012387746
1009,2020-09-02,0.012653679
1010,2020-09-01,0.013820286
1011,2020-08-31,0.015347438
1012,2020-08-30,0.017394319
1013,2020-08-29,0.020224582
1014,2020-08-28,0.02037498
1015,2020-08-27,0.015856231
1016,2020-08-26,0.016445684
1017,2020-08-25,0.016812085
1018,2020-08-24,0.014796509
1019,2020-08-23,0.014473356
1020,2020-08-22,0.014700702
1021,2020-08-21,0.014877657
1022,2020-08-20,0.01439125
1023,2020-08-19,0.014104694
1024,2020-08-18,0.015657547
1025,2020-08-17,0.014070039
1026,2020-08-16,0.014428956
1027,2020-08-15,0.014611007
1028,2020-08-14,0.014969213
1029,2020-08-13,0.016275475
1030,2020-08-12,0.017412757
1031,2020-08-11,0.015937878
1032,2020-08-10,0.013047461
1033,2020-08-09,0.015121866
1034,2020-08-08,0.01619231
1035,2020-08-07,0.015134429
1036,2020-08-06,0.014606543
1037,2020-08-05,0.01525349
1038,2020-08-04,0.014324214
1039,2020-08-03,0.015332865
1040,2020-08-02,0.016297863
1041,2020-08-01,0.016111891
1042,2020-07-31,0.014703405
1043,2020-07-30,0.019813939
1044,2020-07-29,0.013298102
1045,2020-07-28,0.014836273
1046,2020-07-27,0.013034918
1047,2020-07-26,0.012963148
1048,2020-07-25,0.014702645
1049,2020-07-24,0.011928059
1050,2020-07-23,0.016675493
1051,2020-07-22,0.015874849
1052,2020-07-21,0.016021692
1053,2020-07-20,0.014398443
1054,2020-07-19,0.016640337
1055,2020-07-18,0.019350119
1056,2020-07-17,0.01640951
1057,2020-07-16,0.013424897
1058,2020-07-15,0.015204261
1059,2020-07-14,0.013275028
1060,2020-07-13,0.017936776
1061,2020-07-12,0.01555016
1062,2020-07-11,0.015320143
1063,2020-07-10,0.01453288
1064,2020-07-09,0.015201165
1065,2020-07-08,0.015426887
1066,2020-07-07,0.013506981
1067,2020-07-06,0.018314876
1068,2020-07-05,0.015482337
1069,2020-07-04,0.014865785
1070,2020-07-03,0.01482385
1071,2020-07-02,0.01436625
1072,2020-07-01,0.016741535
1073,2020-06-30,0.014631202
1074,2020-06-29,0.013485951
1075,2020-06-28,0.013778487
1076,2020-06-27,0.014385684
1077,2020-06-26,0.014148829
1078,2020-06-25,0.017224393
1079,2020-06-24,0.018582988
1080,2020-06-23,0.014287088
1081,2020-06-22,0.014798868
1082,2020-06-21,0.013677794
1083,2020-06-20,0.015219053
1084,2020-06-19,0.014764336
1085,2020-06-18,0.016368459
1086,2020-06-17,0.013026083
1087,2020-06-16,0.017501877
1088,2020-06-15,0.014124135
1089,2020-06-14,0.013779679
1090,2020-06-13,0.015227294
1091,2020-06-12,0.014877268
1092,2020-06-11,0.014976921
1093,2020-06-10,0.015639321
1094,2020-06-09,0.014192982
1095,2020-06-08,0.015642238
1096,2020-06-07,0.01451113
1097,2020-06-06,0.014244276
1098,2020-06-05,0.015209873
1099,2020-06-04,0.015962202
1100,2020-06-03,0.013284025
1101,2020-06-02,0.015578584
1102,2020-06-01,0.018252556
1103,2020-05-31,0.014907263
1104,2020-05-30,0.013911117
1105,2020-05-29,0.013734982
1106,2020-05-28,0.017439413
1107,2020-05-27,0.014676753
1108,2020-05-26,0.016339873
1109,2020-05-25,0.015263488
1110,2020-05-24,0.015079147
1111,2020-05-23,0.013210993
1112,2020-05-22,0.013906808
1113,2020-05-21,0.016538079
1114,2020-05-20,0.018377291
1115,2020-05-19,0.017187315
1116,2020-05-18,0.015414202
1117,2020-05-17,0.015245248
1118,2020-05-16,0.013993942
1119,2020-05-15,0.014649674
1120,2020-05-14,0.016438674
1121,2020-05-13,0.014610807
1122,2020-05-12,0.01573924
1123,2020-05-11,0.015462328
1124,2020-05-10,0.015160326
1125,2020-05-09,0.014649738
1126,2020-05-08,0.016217284
1127,2020-05-07,0.015427289
1128,2020-05-06,0.013343509
1129,2020-05-05,0.013883682
1130,2020-05-04,0.015777101
1131,2020-05-03,0.01883285
1132,2020-05-02,0.013405378
1133,2020-05-01,0.016979641
1134,2020-04-30,0.015577543
1135,2020-04-29,0.014179069
1136,2020-04-28,0.016057998
1137,2020-04-27,0.013754672
1138,2020-04-26,0.014502246
1139,2020-04-25,0.015906787
1140,2020-04-24,0.015889192
1141,2020-04-23,0.014704761
1142,2020-04-22,0.015113895
1143,2020-04-21,0.014512424
1144,2020-04-20,0.015771488
1145,2020-04-19,0.014055418
1146,2020-04-18,0.015814316
1147,2020-04-17,0.015067453
1148,2020-04-16,0.013664887
1149,2020-04-15,0.016316885
1150,2020-04-14,0.012583385
1151,2020-04-13,0.018221235
1152,2020-04-12,0.013811723
1153,2020-04-11,0.015471762
1154,2020-04-10,0.014039374
1155,2020-04-09,0.013677552
1156,2020-04-08,0.016647328
1157,2020-04-07,0.015492664
1158,2020-04-06,0.01382114
1159,2020-04-05,0.014143514
1160,2020-04-04,0.014336735
1161,2020-04-03,0.017068262
1162,2020-04-02,0.016353998
1163,2020-04-01,0.015317702
1164,2020-03-31,0.015626575
1165,2020-03-30,0.013552217
1166,2020-03-29,0.014752103
1167,2020-03-28,0.015417034
1168,2020-03-27,0.01444378
1169,2020-03-26,0.013905943
1170,2020-03-25,0.015728069
1171,2020-03-24,0.015194582
1172,2020-03-23,0.01698389
1173,2020-03-22,0.015237118
1174,2020-03-21,0.013123203
1175,2020-03-20,0.016599125
1176,2020-03-19,0.015366125
1177,2020-03-18,0.016360085
1178,2020-03-17,0.015316176
1179,2020-03-16,0.014113547
1180,2020-03-15,0.016607859
1181,2020-03-14,0.012932582
1182,2020-03-13,0.015180338
1183,2020-03-12,0.016709347
1184,2020-03-11,0.014391368
1185,2020-03-10,0.015235228
1186,2020-03-09,0.014498531
1187,2020-03-08,0.015532214
1188,2020-03-07,0.01583804
1189,2020-03-06,0.013467994
1190,2020-03-05,0.01620215
1191,2020-03-04,0.01366193
1192,2020-03-03,0.015866536
1193,2020-03-02,0.014751288
1194,2020-03-01,0.016120861
1195,2020-02-29,0.015024306
1196,2020-02-28,0.015025371
1197,2020-02-27,0.015491375
1198,2020-02-26,0.015381784
1199,2020-02-25,0.014296303
1200,2020-02-24,0.016855977
1201,2020-02-23,0.012655984
1202,2020-02-22,0.016514724
1203,2020-02-21,0.015204264
1204,2020-02-20,0.015001428
1205,2020-02-19,0.015555273
1206,2020-02-18,0.015031597
1207,2020-02-17,0.015078039
1208,2020-02-16,0.015288113
1209,2020-02-15,0.014862072
1210,2020-02-14,0.015857879
1211,2020-02-13,0.014523314
1212,2020-02-12,0.013431066
1213,2020-02-11,0.017560035
1214,2020-02-10,0.014671167
1215,2020-02-09,0.014994645
1216,2020-02-08,0.014222634
1217,2020-02-07,0.015110891
1218,2020-02-06,0.015782516
1219,2020-02-05,0.013554937
1220,2020-02-04,0.017753135
1221,2020-02-03,0.014119016
1222,2020-02-02,0.016419699
1223,2020-02-01,0.01390733
1224,2020-01-31,0.015752935
1225,2020-01-30,0.015544941
1226,2020-01-29,0.013830765
1227,2020-01-28,0.014866143
1228,2020-01-27,0.014942854
1229,2020-01-26,0.014160102
1230,2020-01-25,0.014661272
1231,2020-01-24,0.014543437
1232,2020-01-23,0.016300236
1233,2020-01-22,0.016815202
1234,2020-01-21,0.014909437
1235,2020-01-20,0.01654333
1236,2020-01-19,0.013907317
1237,2020-01-18,0.014800516
1238,2020-01-17,0.013941067
1239,2020-01-16,0.015761147
1240,2020-01-15,0.013824489
1241,2020-01-14,0.01657824
1242,2020-01-13,0.014276537
1243,2020-01-12,0.015585804
1244,2020-01-11,0.014190817
1245,2020-01-10,0.012741371
1246,2020-01-09,0.016295751
1247,2020-01-08,0.016530856
1248,2020-01-07,0.015673075
1249,2020-01-06,0.014749989
1250,2020-01-05,0.017243618
1251,2020-01-04,0.014445293
1252,2020-01-03,0.014931585
1253,2020-01-02,0.016362557
1254,2020-01-01,0.014122839
1255,2019-12-31,0.01345265
1256,2019-12-30,0.016170752
1257,2019-12-29,0.014812446
1258,2019-12-28,0.016197416
1259,2019-12-27,0.015292718
1260,2019-12-26,0.014190185
1261,2019-12-25,0.015203015
1262,2019-12-24,0.015561808
1263,2019-12-23,0.014925953
1264,2019-12-22,0.015358807
1265,2019-12-21,0.014287025
1266,2019-12-20,0.0163322
1267,2019-12-19,0.014132652
1268,2019-12-18,0.016039257
1269,2019-12-17,0.014610581
1270,2019-12-16,0.015153095
1271,2019-12-15,0.016265989
1272,2019-12-14,0.015104156
1273,2019-12-13,0.014357659
1274,2019-12-12,0.013925326
1275,2019-12-11,0.015542574
1276,2019-12-10,0.016017056
1277,2019-12-09,0.014908073
1278,2019-12-08,0.013474216
1279,2019-12-07,0.016415009
1280,2019-12-06,0.015825895
1281,2019-12-05,0.013672637
1282,2019-12-04,0.016031094
1283,2019-12-03,0.014137638
1284,2019-12-02,0.015722711
1285,2019-12-01,0.015156122
1286,2019-11-30,0.014977667
1287,2019-11-29,0.014462932
1288,2019-11-28,0.015207891
1289,2019-11-27,0.01354651
1290,2019-11-26,0.013618268
1291,2019-11-25,0.016220123
1292,2019-11-24,0.01576193
1293,2019-11-23,0.016657754
1294,2019-11-22,0.0144621
1295,2019-11-21,0.013458724
1296,2019-11-20,0.013277832
1297,2019-11-19,0.016002449
1298,2019-11-18,0.016867328
1299,2019-11-17,0.016222657
1300,2019-11-16,0.015515841
1301,2019-11-15,0.014431103
1302,2019-11-14,0.014234201
1303,2019-11-13,0.016448862
1304,2019-11-12,0.014870404
1305,2019-11-11,0.013293141
1306,2019-11-10,0.016704257
1307,2019-11-09,0.016343491
1308,2019-11-08,0.015016255
1309,2019-11-07,0.014117132
1310,2019-11-06,0.016755991
1311,2019-11-05,0.015545396
1312,2019-11-04,0.014143781
1313,2019-11-03,0.015085184
1314,2019-11-02,0.015744822
1315,2019-11-01,0.013592015
1316,2019-10-31,0.01564927
1317,2019-10-30,0.015357705
1318,2019-10-29,0.016173519
1319,2019-10-28,0.01334874
1320,2019-10-27,0.015590067
1321,2019-10-26,0.016335328
1322,2019-10-25,0.01489489
1323,2019-10-24,0.015104623
1324,2019-10-23,0.014676663
1325,2019-10-22,0.014163013
1326,2019-10-21,0.014990912
1327,2019-10-20,0.015658235
1328,2019-10-19,0.01599748
1329,2019-10-18,0.014435642
1330,2019-10-17,0.016082937
1331,2019-10-16,0.014538023
1332,2019-10-15,0.014619564
1333,2019-10-14,0.014372131
1334,2019-10-13,0.015834011
1335,2019-10-12,0.016212746
1336,2019-10-11,0.015121798
1337,2019-10-10,0.014904322
1338,2019-10-09,0.014002519
1339,2019-10-08,0.016560418
1340,2019-10-07,0.013395217
1341,2019-10-06,0.015443643
1342,2019-10-05,0.017333604
1343,2019-10-04,0.01374389
1344,2019-10-03,0.01568201
1345,2019-10-02,0.014770982
1346,2019-10-01,0.016372781
1347,2019-09-30,0.014094756
1348,2019-09-29,0.01547427
1349,2019-09-28,0.014281445
1350,2019-09-27,0.014835468
1351,2019-09-26,0.016526688
1352,2019-09-25,0.013340329
1353,2019-09-24,0.015609752
1354,2019-09-23,0.013925061
1355,2019-09-22,0.013259417
1356,2019-09-21,0.014363314
1357,2019-09-20,0.01815645
1358,2019-09-19,0.016001402
1359,2019-09-18,0.016303329
1360,2019-09-17,0.01459368
1361,2019-09-16,0.015096461
1362,2019-09-15,0.014648388
1363,2019-09-14,0.014464948
1364,2019-09-13,0.016481942
1365,2019-09-12,0.014685278
1366,2019-09-11,0.014608726
1367,2019-09-10,0.014202842
1368,2019-09-09,0.016993452
1369,2019-09-08,0.01447447
1370,2019-09-07,0.014106582
1371,2019-09-06,0.017391356
1372,2019-09-05,0.0147112
1373,2019-09-04,0.015130743
1374,2019-09-03,0.014801369
1375,2019-09-02,0.014329115
1376,2019-09-01,0.01372351
1377,2019-08-31,0.013587481
1378,2019-08-30,0.019345705
1379,2019-08-29,0.015479816
1380,2019-08-28,0.013405151
1381,2019-08-27,0.016031818
1382,2019-08-26,0.014542582
1383,2019-08-25,0.014981074
1384,2019-08-24,0.013508486
1385,2019-08-23,0.015975781
1386,2019-08-22,0.016216972
1387,2019-08-21,0.013658994
1388,2019-08-20,0.016931006
1389,2019-08-19,0.011677049
1390,2019-08-18,0.017367836
1391,2019-08-17,0.015975112
1392,2019-08-16,0.015020419
1393,2019-08-15,0.014394657
1394,2019-08-14,0.015210417
1395,2019-08-13,0.01409432
1396,2019-08-12,0.015427075
1397,2019-08-11,0.014594191
1398,2019-08-10,0.01497259
1399,2019-08-09,0.016078823
1400,2019-08-08,0.014447608
1401,2019-08-07,0.01535542
1402,2019-08-06,0.015354488
1403,2019-08-05,0.014223113
1404,2019-08-04,0.014130682
1405,2019-08-03,0.017320581
1406,2019-08-02,0.016634847
1407,2019-08-01,0.014342544
1408,2019-07-31,0.015628018
1409,2019-07-30,0.015214839
1410,2019-07-29,0.01481402
1411,2019-07-28,0.014383541
1412,2019-07-27,0.012982258
1413,2019-07-26,0.015437789
1414,2019-07-25,0.018249902
1415,2019-07-24,0.013554265
1416,2019-07-23,0.015975591
1417,2019-07-22,0.014502145
1418,2019-07-21,0.012696326
1419,2019-07-20,0.015397122
1420,2019-07-19,0.015136406
1421,2019-07-18,0.017274819
1422,2019-07-17,0.015915582
1423,2019-07-16,0.015241126
1424,2019-07-15,0.01496361
1425,2019-07-14,0.014511955
1426,2019-07-13,0.014711695
1427,2019-07-12,0.013790957
1428,2019-07-11,0.013404445
1429,2019-07-10,0.017460618
1430,2019-07-09,0.018326002
1431,2019-07-08,0.013715681
1432,2019-07-07,0.015368736
1433,2019-07-06,0.015566396
1434,2019-07-05,0.015443017
1435,2019-07-04,0.014586322
1436,2019-07-03,0.01577457
1437,2019-07-02,0.011763008
1438,2019-07-01,0.01790359
1439,2019-06-30,0.014259382
1440,2019-06-29,0.0160901
1441,2019-06-28,0.016020451
1442,2019-06-27,0.014398551
1443,2019-06-26,0.014601931
1444,2019-06-25,0.01516034
1445,2019-06-24,0.015014886
1446,2019-06-23,0.014350501
1447,2019-06-22,0.016467394
1448,2019-06-21,0.0158215
1449,2019-06-20,0.014766555
1450,2019-06-19,0.014342313
1451,2019-06-18,0.015163137
1452,2019-06-17,0.013344157
1453,2019-06-16,0.015929081
1454,2019-06-15,0.013749554
1455,2019-06-14,0.016903387
1456,2019-06-13,0.015895156
1457,2019-06-12,0.012936223
1458,2019-06-11,0.012487328
1459,2019-06-10,0.015940882
1460,2019-06-09,0.015616483
1461,2019-06-08,0.017988647
1462,2019-06-07,0.016246526
1463,2019-06-06,0.013617564
1464,2019-06-05,0.013546615
1465,2019-06-04,0.017065461
1466,2019-06-03,0.014972294
1467,2019-06-02,0.01541669
1468,2019-06-01,0.016735945
1469,2019-05-31,0.014532435
1470,2019-05-30,0.01405273
1471,2019-05-29,0.016331332
1472,2019-05-28,0.014431856
1473,2019-05-27,0.014506319
1474,2019-05-26,0.015000818
1475,2019-05-25,0.016243797
1476,2019-05-24,0.015208375
1477,2019-05-23,0.015125259
1478,2019-05-22,0.014412513
1479,2019-05-21,0.014454596
1480,2019-05-20,0.014874127
1481,2019-05-19,0.012138523
1482,2019-05-18,0.014189987
1483,2019-05-17,0.014058915
1484,2019-05-16,0.012626979
1485,2019-05-15,0.014372219
1486,2019-05-14,0.014180216
1487,2019-05-13,0.014056512
1488,2019-05-12,0.02024601
1489,2019-05-11,0.022087146
1490,2019-05-10,0.014969498
1491,2019-05-09,0.013883343
1492,2019-05-08,0.015006241
1493,2019-05-07,0.015705681
1494,2019-05-06,0.014062236
1495,2019-05-05,0.015950063
1496,2019-05-04,0.016147583
1497,2019-05-03,0.015375067
1498,2019-05-02,0.012799955
1499,2019-05-01,0.013879621
1500,2019-04-30,0.01799589
1501,2019-04-29,0.014475579
1502,2019-04-28,0.015219442
1503,2019-04-27,0.013927412
1504,2019-04-26,0.017225872
1505,2019-04-25,0.012046352
1506,2019-04-24,0.015909127
1507,2019-04-23,0.017290207
1508,2019-04-22,0.014079193
1509,2019-04-21,0.016696988
1510,2019-04-20,0.014629174
1511,2019-04-19,0.015737472
1512,2019-04-18,0.013324206
1513,2019-04-17,0.014849528
1514,2019-04-16,0.016978027
1515,2019-04-15,0.01411668
1516,2019-04-14,0.016413699
1517,2019-04-13,0.015731028
1518,2019-04-12,0.012770664
1519,2019-04-11,0.017374515
1520,2019-04-10,0.014928871
1521,2019-04-09,0.013661837
1522,2019-04-08,0.01676817
1523,2019-04-07,0.014932457
1524,2019-04-06,0.014732686
1525,2019-04-05,0.014576521
1526,2019-04-04,0.014692396
1527,2019-04-03,0.016910065
1528,2019-04-02,0.01492606
1529,2019-04-01,0.015002285
1530,2019-03-31,0.014849641
1531,2019-03-30,0.014569649
1532,2019-03-29,0.013498624
1533,2019-03-28,0.016107815
1534,2019-03-27,0.016412177
1535,2019-03-26,0.014255497
1536,2019-03-25,0.015472178
1537,2019-03-24,0.014851951
1538,2019-03-23,0.013345809
1539,2019-03-22,0.017676526
1540,2019-03-21,0.01442775
1541,2019-03-20,0.015261416
1542,2019-03-19,0.015245783
1543,2019-03-18,0.015345662
1544,2019-03-17,0.014724673
1545,2019-03-16,0.015891066
1546,2019-03-15,0.014492802
1547,2019-03-14,0.014822889
1548,2019-03-13,0.013746415
1549,2019-03-12,0.013695569
1550,2019-03-11,0.012696161
1551,2019-03-10,0.01896777
1552,2019-03-09,0.013747393
1553,2019-03-08,0.015326963
1554,2019-03-07,0.015741546
1555,2019-03-06,0.015158992
1556,2019-03-05,0.01280502
1557,2019-03-04,0.018222802
1558,2019-03-03,0.014883342
1559,2019-03-02,0.016675775
1560,2019-03-01,0.014221461
1561,2019-02-28,0.014953826
1562,2019-02-27,0.016310774
1563,2019-02-26,0.015249329
1564,2019-02-25,0.0143103
1565,2019-02-24,0.01482547
1566,2019-02-23,0.016265034
1567,2019-02-22,0.015104438
1568,2019-02-21,0.01382794
1569,2019-02-20,0.013044657
1570,2019-02-19,0.013512663
1571,2019-02-18,0.01457217
1572,2019-02-17,0.012195513
1573,2019-02-16,0.016331129
1574,2019-02-15,0.016062103
1575,2019-02-14,0.01470121
1576,2019-02-13,0.013504914
1577,2019-02-12,0.016381458
1578,2019-02-11,0.021103335
1579,2019-02-10,0.016692654
1580,2019-02-09,0.014445599
1581,2019-02-08,0.012991552
1582,2019-02-07,0.017703878
1583,2019-02-06,0.015537298
1584,2019-02-05,0.015019742
1585,2019-02-04,0.014267613
1586,2019-02-03,0.014935742
1587,2019-02-02,0.015617158
1588,2019-02-01,0.013610791
1589,2019-01-31,0.016421511
1590,2019-01-30,0.014619038
1591,2019-01-29,0.014606451
1592,2019-01-28,0.015113581
1593,2019-01-27,0.015738209
1594,2019-01-26,0.015356879
1595,2019-01-25,0.014095759
1596,2019-01-24,0.014758049
1597,2019-01-23,0.015088473
1598,2019-01-22,0.013312546
1599,2019-01-21,0.01441904
1600,2019-01-20,0.015031189
1601,2019-01-19,0.016329832
1602,2019-01-18,0.0159432
1603,2019-01-17,0.017053144
1604,2019-01-16,0.014680894
1605,2019-01-15,0.015389567
1606,2019-01-14,0.014596492
1607,2019-01-13,0.016096346
1608,2019-01-12,0.015370932
1609,2019-01-11,0.012557519
1610,2019-01-10,0.017605715
1611,2019-01-09,0.014186611
1612,2019-01-08,0.015480271
1613,2019-01-07,0.014038656
1614,2019-01-06,0.016091382
1615,2019-01-05,0.014775394
1616,2019-01-04,0.015617897
1617,2019-01-03,0.014131926
1618,2019-01-02,0.015890911
1619,2019-01-01,0.014825714
1620,2018-12-31,0.013341442
1621,2018-12-30,0.016959231
1622,2018-12-29,0.015410531
1623,2018-12-28,0.014892248
1624,2018-12-27,0.015353624
1625,2018-12-26,0.014852994
1626,2018-12-25,0.013614
1627,2018-12-24,0.015601107
1628,2018-12-23,0.013741433
1629,2018-12-22,0.01389864
1630,2018-12-21,0.01661891
1631,2018-12-20,0.014181414
1632,2018-12-19,0.014931508
1633,2018-12-18,0.017967718
1634,2018-12-17,0.016129126
1635,2018-12-16,0.013720142
1636,2018-12-15,0.016290719
1637,2018-12-14,0.014699491
1638,2018-12-13,0.01403311
1639,2018-12-12,0.016679914
1640,2018-12-11,0.013462095
1641,2018-12-10,0.01554152
1642,2018-12-09,0.015257907
1643,2018-12-08,0.013535903
1644,2018-12-07,0.016019709
1645,2018-12-06,0.01654087
1646,2018-12-05,0.014290586
1647,2018-12-04,0.01528472
1648,2018-12-03,0.01388662
1649,2018-12-02,0.01603248
1650,2018-12-01,0.013375545
1651,2018-11-30,0.015653836
1652,2018-11-29,0.014394533
1653,2018-11-28,0.013654088
1654,2018-11-27,0.01358172
1655,2018-11-26,0.011947977
1656,2018-11-25,0.016745047
1657,2018-11-24,0.015881985
1658,2018-11-23,0.016182029
1659,2018-11-22,0.014097323
1660,2018-11-21,0.014192573
1661,2018-11-20,0.015205502
1662,2018-11-19,0.01955201
1663,2018-11-18,0.01566929
1664,2018-11-17,0.014483066
1665,2018-11-16,0.015494911
1666,2018-11-15,0.015363729
1667,2018-11-14,0.015687455
1668,2018-11-13,0.015257859
1669,2018-11-12,0.01353695
1670,2018-11-11,0.014217008
1671,2018-11-10,0.012845966
1672,2018-11-09,0.015113424
1673,2018-11-08,0.015147275
1674,2018-11-07,0.016919581
1675,2018-11-06,0.016979368
1676,2018-11-05,0.01524915
1677,2018-11-04,0.015187268
1678,2018-11-03,0.015094736
1679,2018-11-02,0.015593191
1680,2018-11-01,0.014302462
1681,2018-10-31,0.016098048
1682,2018-10-30,0.015010243
1683,2018-10-29,0.01378141
1684,2018-10-28,0.015010453
1685,2018-10-27,0.014853551
1686,2018-10-26,0.014925635
1687,2018-10-25,0.014884801
1688,2018-10-24,0.015304843
1689,2018-10-23,0.015104401
1690,2018-10-22,0.01464629
1691,2018-10-21,0.014047508
1692,2018-10-20,0.016917328
1693,2018-10-19,0.014335427
1694,2018-10-18,0.0155891
1695,2018-10-17,0.014186601
1696,2018-10-16,0.014813934
1697,2018-10-15,0.013949056
1698,2018-10-14,0.014648504
1699,2018-10-13,0.016367337
1700,2018-10-12,0.013557925
1701,2018-10-11,0.014403162
1702,2018-10-10,0.014256804
1703,2018-10-09,0.015223279
1704,2018-10-08,0.013257227
1705,2018-10-07,0.015006786
1706,2018-10-06,0.013702654
1707,2018-10-05,0.013681167
1708,2018-10-04,0.014964664
1709,2018-10-03,0.015587924
1710,2018-10-02,0.014766461
1711,2018-10-01,0.017189195
1712,2018-09-30,0.014582171
1713,2018-09-29,0.015270702
1714,2018-09-28,0.016323672
1715,2018-09-27,0.014213886
1716,2018-09-26,0.016791895
1717,2018-09-25,0.014862621
1718,2018-09-24,0.015707468
1719,2018-09-23,0.015608237
1720,2018-09-22,0.01620477
1721,2018-09-21,0.017458921
1722,2018-09-20,0.014068983
1723,2018-09-19,0.0152721
1724,2018-09-18,0.014720269
1725,2018-09-17,0.015088726
1726,2018-09-16,0.015246217
1727,2018-09-15,0.013125385
1728,2018-09-14,0.014290966
1729,2018-09-13,0.015759058
1730,2018-09-12,0.016648404
1731,2018-09-11,0.014883873
1732,2018-09-10,0.015240893
1733,2018-09-09,0.015711098
1734,2018-09-08,0.0145429
1735,2018-09-07,0.01512617
1736,2018-09-06,0.015462339
1737,2018-09-05,0.014436697
1738,2018-09-04,0.014849555
1739,2018-09-03,0.014618002
1740,2018-09-02,0.016102855
1741,2018-09-01,0.014145425
1742,2018-08-31,0.01363563
1743,2018-08-30,0.013812977
1744,2018-08-29,0.01525594
1745,2018-08-28,0.013559747
1746,2018-08-27,0.013960575
1747,2018-08-26,0.013108003
1748,2018-08-25,0.016082965
1749,2018-08-24,0.015879595
1750,2018-08-23,0.017413203
1751,2018-08-22,0.018420084
1752,2018-08-21,0.015009964
1753,2018-08-20,0.015626322
1754,2018-08-19,0.015661166
1755,2018-08-18,0.01391408
1756,2018-08-17,0.016142747
1757,2018-08-16,0.015775426
1758,2018-08-15,0.014712192
1759,2018-08-14,0.015152129
1760,2018-08-13,0.015045415
1761,2018-08-12,0.015405508
1762,2018-08-11,0.014511598
1763,2018-08-10,0.01427798
1764,2018-08-09,0.016715712
1765,2018-08-08,0.014292319
1766,2018-08-07,0.015954466
1767,2018-08-06,0.014022773
1768,2018-08-05,0.014457867
1769,2018-08-04,0.015002504
1770,2018-08-03,0.015365361
1771,2018-08-02,0.0138029
1772,2018-08-01,0.014810327
1773,2018-07-31,0.014959569
1774,2018-07-30,0.014270454
1775,2018-07-29,0.015776281
1776,2018-07-28,0.014172806
1777,2018-07-27,0.014718784
1778,2018-07-26,0.016202216
1779,2018-07-25,0.016819256
1780,2018-07-24,0.016150952
1781,2018-07-23,0.016310087
1782,2018-07-22,0.015648146
1783,2018-07-21,0.014845101
1784,2018-07-20,0.014503129
1785,2018-07-19,0.015784123
1786,2018-07-18,0.016128118
1787,2018-07-17,0.014818953
1788,2018-07-16,0.015230979
1789,2018-07-15,0.01410815
1790,2018-07-14,0.015358429
1791,2018-07-13,0.01428129
1792,2018-07-12,0.016017299
1793,2018-07-11,0.014699704
1794,2018-07-10,0.01520856
1795,2018-07-09,0.015523823
1796,2018-07-08,0.014365179
1797,2018-07-07,0.014356805
1798,2018-07-06,0.014261331
1799,2018-07-05,0.015277069
1800,2018-07-04,0.016078598
1801,2018-07-03,0.015035208
1802,2018-07-02,0.013403729
1803,2018-07-01,0.014653504
1804,2018-06-30,0.014852849
1805,2018-06-29,0.013951387
1806,2018-06-28,0.015797142
1807,2018-06-27,0.015517984
1808,2018-06-26,0.016481993
1809,2018-06-25,0.01415717
1810,2018-06-24,0.017547328
1811,2018-06-23,0.014132147
1812,2018-06-22,0.013719934
1813,2018-06-21,0.018533717
1814,2018-06-20,0.016443968
1815,2018-06-19,0.014587015
1816,2018-06-18,0.015324816
1817,2018-06-17,0.014761649
1818,2018-06-16,0.014443637
1819,2018-06-15,0.015752876
1820,2018-06-14,0.015162542
1821,2018-06-13,0.016163048
1822,2018-06-12,0.012784132
1823,2018-06-11,0.01678233
1824,2018-06-10,0.014448285
1825,2018-06-09,0.014035876
1826,2018-06-08,0.013817554
1827,2018-06-07,0.018086435
1828,2018-06-06,0.014657215
1829,2018-06-05,0.014657897
1830,2018-06-04,0.015661715
1831,2018-06-03,0.014689454
1832,2018-06-02,0.015789258
1833,2018-06-01,0.015327923
1834,2018-05-31,0.014989929
1835,2018-05-30,0.014261578
1836,2018-05-29,0.015689621
1837,2018-05-28,0.014523963
1838,2018-05-27,0.01402976
1839,2018-05-26,0.017198692
1840,2018-05-25,0.013652759
1841,2018-05-24,0.015248123
1842,2018-05-23,0.016531693
1843,2018-05-22,0.014790802
1844,2018-05-21,0.015683931
1845,2018-05-20,0.014070167
1846,2018-05-19,0.014986617
1847,2018-05-18,0.015179718
1848,2018-05-17,0.015246318
1849,2018-05-16,0.01565284
1850,2018-05-15,0.01414179
1851,2018-05-14,0.015819117
1852,2018-05-13,0.014843772
1853,2018-05-12,0.015149573
1854,2018-05-11,0.015895374
1855,2018-05-10,0.014148702
1856,2018-05-09,0.014387571
1857,2018-05-08,0.014653053
1858,2018-05-07,0.015168406
1859,2018-05-06,0.017223046
1860,2018-05-05,0.013579644
1861,2018-05-04,0.014358385
1862,2018-05-03,0.016650548
1863,2018-05-02,0.014012104
1864,2018-05-01,0.016218669
1865,2018-04-30,0.014262683
1866,2018-04-29,0.015683007
1867,2018-04-28,0.016063147
1868,2018-04-27,0.014093623
1869,2018-04-26,0.01533686
1870,2018-04-25,0.015481283
1871,2018-04-24,0.014667493
1872,2018-04-23,0.01455363
1873,2018-04-22,0.015532451
1874,2018-04-21,0.014753784
1875,2018-04-20,0.016528811
1876,2018-04-19,0.01426466
1877,2018-04-18,0.01417691
1878,2018-04-17,0.016692735
1879,2018-04-16,0.014744146
1880,2018-04-15,0.015080351
1881,2018-04-14,0.015088526
1882,2018-04-13,0.016483095
1883,2018-04-12,0.013768542
1884,2018-04-11,0.016169334
1885,2018-04-10,0.014756642
1886,2018-04-09,0.015318533
1887,2018-04-08,0.014017396
1888,2018-04-07,0.016180016
1889,2018-04-06,0.014640403
1890,2018-04-05,0.015410074
1891,2018-04-04,0.014517063
1892,2018-04-03,0.014602646
1893,2018-04-02,0.015570305
1894,2018-04-01,0.015447028
1895,2018-03-31,0.014227732
1896,2018-03-30,0.015379507
1897,2018-03-29,0.014844044
1898,2018-03-28,0.015563847
1899,2018-03-27,0.013184935
1900,2018-03-26,0.018025221
1901,2018-03-25,0.015116734
1902,2018-03-24,0.01441502
1903,2018-03-23,0.014571617
1904,2018-03-22,0.016620166
1905,2018-03-21,0.014925366
1906,2018-03-20,0.014784064
1907,2018-03-19,0.012287666
1908,2018-03-18,0.018827308
1909,2018-03-17,0.01271419
1910,2018-03-16,0.015421106
1911,2018-03-15,0.016343223
1912,2018-03-14,0.015875905
1913,2018-03-13,0.015778677
1914,2018-03-12,0.013545037
1915,2018-03-11,0.0159027
1916,2018-03-10,0.014309086
1917,2018-03-09,0.014832575
1918,2018-03-08,0.015469822
1919,2018-03-07,0.012011874
1920,2018-03-06,0.017803977
1921,2018-03-05,0.014627882
1922,2018-03-04,0.012772843
1923,2018-03-03,0.017043878
1924,2018-03-02,0.014128918
1925,2018-03-01,0.015292783
1926,2018-02-28,0.013666481
1927,2018-02-27,0.017431005
1928,2018-02-26,0.015745046
1929,2018-02-25,0.014228287
1930,2018-02-24,0.015168634
1931,2018-02-23,0.015454477
1932,2018-02-22,0.018346999
1933,2018-02-21,0.014634872
1934,2018-02-20,0.015333138
1935,2018-02-19,0.014830528
1936,2018-02-18,0.014239193
1937,2018-02-17,0.016327958
1938,2018-02-16,0.015965563
1939,2018-02-15,0.015758796
1940,2018-02-14,0.013562658
1941,2018-02-13,0.015726197
1942,2018-02-12,0.015635702
1943,2018-02-11,0.014669203
1944,2018-02-10,0.015604487
1945,2018-02-09,0.014211908
1946,2018-02-08,0.015382398
1947,2018-02-07,0.014871528
1948,2018-02-06,0.014928679
1949,2018-02-05,0.016770728
1950,2018-02-04,0.014747788
1951,2018-02-03,0.015542883
1952,2018-02-02,0.015244331
1953,2018-02-01,0.014582474
1954,2018-01-31,0.0154202
1955,2018-01-30,0.014250675
1956,2018-01-29,0.014341446
1957,2018-01-28,0.016527033
1958,2018-01-27,0.014624894
1959,2018-01-26,0.014590384
1960,2018-01-25,0.015662933
1961,2018-01-24,0.015488241
1962,2018-01-23,0.014143822
1963,2018-01-22,0.014031412
1964,2018-01-21,0.016935224
1965,2018-01-20,0.015073607
1966,2018-01-19,0.015173418
1967,2018-01-18,0.015814408
1968,2018-01-17,0.013663122
1969,2018-01-16,0.016152529
1970,2018-01-15,0.014405944
1971,2018-01-14,0.015287612
1972,2018-01-13,0.015813453
1973,2018-01-12,0.014194803
1974,2018-01-11,0.015723569
1975,2018-01-10,0.015265749
1976,2018-01-09,0.016125731
1977,2018-01-08,0.013938493
1978,2018-01-07,0.014274933
1979,2018-01-06,0.017375107
1980,2018-01-05,0.015253529
1981,2018-01-04,0.013816571
1982,2018-01-03,0.015745313
1983,2018-01-02,0.016246303
1984,2018-01-01,0.014760097
1985,2017-12-31,0.014707562
1986,2017-12-30,0.013738918
1987,2017-12-29,0.0156376
1988,2017-12-28,0.014990901
1989,2017-12-27,0.017009469
1990,2017-12-26,0.014309484
1991,2017-12-25,0.014474206
1992,2017-12-24,0.0156083
1993,2017-12-23,0.014483742
1994,2017-12-22,0.01566117
1995,2017-12-21,0.01462617
1996,2017-12-20,0.015230024
1997,2017-12-19,0.016902987
1998,2017-12-18,0.013981643
1999,2017-12-17,0.015507569
2000,2017-12-16,0.016207819
2001,2017-12-15,0.015099009
2002,2017-12-14,0.013721946
2003,2017-12-13,0.016344727
2004,2017-12-12,0.016109727
2005,2017-12-11,0.014648976
2006,2017-12-10,0.013861637
2007,2017-12-09,0.017281765
2008,2017-12-08,0.013827503
2009,2017-12-07,0.015352111
2010,2017-12-06,0.015934906
2011,2017-12-05,0.014982398
2012,2017-12-04,0.015165457
2013,2017-12-03,0.015440018
2014,2017-12-02,0.015158671
2015,2017-12-01,0.013929193
2016,2017-11-30,0.016485027
2017,2017-11-29,0.015070481
2018,2017-11-28,0.015628952
2019,2017-11-27,0.013543216
2020,2017-11-26,0.016398751
2021,2017-11-25,0.015092572
2022,2017-11-24,0.015874005
2023,2017-11-23,0.014250221
2024,2017-11-22,0.014930776
2025,2017-11-21,0.015179929
2026,2017-11-20,0.014749741
2027,2017-11-19,0.015554269
2028,2017-11-18,0.015824605
2029,2017-11-17,0.015700323
2030,2017-11-16,0.014438692
2031,2017-11-15,0.014967097
2032,2017-11-14,0.015710072
2033,2017-11-13,0.014051303
2034,2017-11-12,0.015360438
2035,2017-11-11,0.014906371
2036,2017-11-10,0.014449755
2037,2017-11-09,0.01569861
2038,2017-11-08,0.014461708
2039,2017-11-07,0.016320492
2040,2017-11-06,0.015087322
2041,2017-11-05,0.014258857
2042,2017-11-04,0.016177065
2043,2017-11-03,0.014302658
2044,2017-11-02,0.015142252
2045,2017-11-01,0.016165529
2046,2017-10-31,0.016565878
2047,2017-10-30,0.014177723
2048,2017-10-29,0.015629768
